<?xml version="1.0" encoding="UTF-8"?>
<project-private xmlns="http://www.netbeans.org/ns/project-private/1">
    <editor-bookmarks xmlns="http://www.netbeans.org/ns/editor-bookmarks/2" lastBookmarkId="0"/>
    <open-files xmlns="http://www.netbeans.org/ns/projectui-open-files/1">
        <file>file:/E:/Leo/apps/java/1985_super_mario_bros/JavaSuperMarioBros/src/res/graphic/sprite_sheet.png</file>
        <file>file:/E:/Leo/apps/java/1985_super_mario_bros/JavaSuperMarioBros/src/br/ol/smb/entity/FadeEffect.java</file>
        <file>file:/E:/Leo/apps/java/1985_super_mario_bros/JavaSuperMarioBros/src/br/ol/smb/entity/OLPresents.java</file>
        <file>file:/E:/Leo/apps/java/1985_super_mario_bros/JavaSuperMarioBros/src/main/Main.java</file>
        <file>file:/E:/Leo/apps/java/1985_super_mario_bros/JavaSuperMarioBros/src/br/ol/smb/infra/Display.java</file>
        <file>file:/E:/Leo/apps/java/1985_super_mario_bros/JavaSuperMarioBros/src/br/ol/smb/infra/Game.java</file>
        <file>file:/E:/Leo/apps/java/1985_super_mario_bros/JavaSuperMarioBros/src/br/ol/smb/infra/Entity.java</file>
        <file>file:/E:/Leo/apps/java/1985_super_mario_bros/JavaSuperMarioBros/src/br/ol/smb/entity/Point.java</file>
        <file>file:/E:/Leo/apps/java/1985_super_mario_bros/JavaSuperMarioBros/src/br/ol/smb/infra/Time.java</file>
        <file>file:/E:/Leo/apps/java/1985_super_mario_bros/JavaSuperMarioBros/src/br/ol/smb/infra/Vec2.java</file>
        <file>file:/E:/Leo/apps/java/1985_super_mario_bros/JavaSuperMarioBros/src/br/ol/smb/entity/Actor.java</file>
        <file>file:/E:/Leo/apps/java/1985_super_mario_bros/JavaSuperMarioBros/src/br/ol/smb/infra/Map.java</file>
        <file>file:/E:/Leo/apps/java/1985_super_mario_bros/JavaSuperMarioBros/build.xml</file>
        <file>file:/E:/Leo/apps/java/1985_super_mario_bros/JavaSuperMarioBros/src/br/ol/smb/infra/SpriteSheet.java</file>
        <file>file:/E:/Leo/apps/java/1985_super_mario_bros/JavaSuperMarioBros/src/br/ol/smb/entity/Mario.java</file>
        <file>file:/E:/Leo/apps/java/1985_super_mario_bros/JavaSuperMarioBros/src/br/ol/smb/entity/enemy/Koopas.java</file>
        <file>file:/E:/Leo/apps/java/1985_super_mario_bros/JavaSuperMarioBros/nbproject/build-impl.xml</file>
        <file>file:/E:/Leo/apps/java/1985_super_mario_bros/JavaSuperMarioBros/src/br/ol/smb/entity/enemy/Enemy.java</file>
        <file>file:/E:/Leo/apps/java/1985_super_mario_bros/JavaSuperMarioBros/src/br/ol/smb/entity/enemy/Goombas.java</file>
        <file>file:/E:/Leo/apps/java/1985_super_mario_bros/JavaSuperMarioBros/src/br/ol/smb/entity/item/Coin.java</file>
        <file>file:/E:/Leo/apps/java/1985_super_mario_bros/JavaSuperMarioBros/src/br/ol/smb/entity/item/Item.java</file>
        <file>file:/E:/Leo/apps/java/1985_super_mario_bros/JavaSuperMarioBros/src/br/ol/smb/infra/BitmapFont.java</file>
        <file>file:/E:/Leo/apps/java/1985_super_mario_bros/JavaSuperMarioBros/src/br/ol/smb/entity/item/Flower.java</file>
        <file>file:/E:/Leo/apps/java/1985_super_mario_bros/JavaSuperMarioBros/src/br/ol/smb/entity/item/Mushroom.java</file>
        <file>file:/E:/Leo/apps/java/1985_super_mario_bros/JavaSuperMarioBros/src/br/ol/smb/entity/Explosion.java</file>
        <file>file:/E:/Leo/apps/java/1985_super_mario_bros/JavaSuperMarioBros/src/br/ol/smb/entity/item/Star.java</file>
        <file>file:/E:/Leo/apps/java/1985_super_mario_bros/JavaSuperMarioBros/src/br/ol/smb/entity/BrickDestroyed.java</file>
        <file>file:/E:/Leo/apps/java/1985_super_mario_bros/JavaSuperMarioBros/src/br/ol/smb/entity/HUD.java</file>
        <file>file:/E:/Leo/apps/java/1985_super_mario_bros/JavaSuperMarioBros/src/res/map/world_1-1.map</file>
        <file>file:/E:/Leo/apps/java/1985_super_mario_bros/JavaSuperMarioBros/src/br/ol/smb/entity/Fireball.java</file>
        <file>file:/E:/Leo/apps/java/1985_super_mario_bros/JavaSuperMarioBros/src/br/ol/smb/entity/Flag.java</file>
        <file>file:/E:/Leo/apps/java/1985_super_mario_bros/JavaSuperMarioBros/src/br/ol/smb/entity/BrickPushing.java</file>
        <file>file:/E:/Leo/apps/java/1985_super_mario_bros/JavaSuperMarioBros/src/br/ol/smb/entity/Tilemap.java</file>
        <file>file:/E:/Leo/apps/java/1985_super_mario_bros/JavaSuperMarioBros/src/br/ol/smb/infra/Sound.java</file>
        <file>file:/E:/Leo/apps/java/1985_super_mario_bros/JavaSuperMarioBros/src/br/ol/smb/entity/Screen.java</file>
        <file>file:/E:/Leo/apps/java/1985_super_mario_bros/JavaSuperMarioBros/src/br/ol/smb/entity/Initializer.java</file>
        <file>file:/E:/Leo/apps/java/1985_super_mario_bros/JavaSuperMarioBros/src/br/ol/smb/entity/Title.java</file>
        <file>file:/E:/Leo/apps/java/1985_super_mario_bros/JavaSuperMarioBros/src/res/todo</file>
        <file>file:/E:/Leo/apps/java/1985_super_mario_bros/JavaSuperMarioBros/src/br/ol/smb/infra/Camera.java</file>
        <file>file:/E:/Leo/apps/java/1985_super_mario_bros/JavaSuperMarioBros/src/br/ol/smb/infra/Tile.java</file>
        <file>file:/E:/Leo/apps/java/1985_super_mario_bros/JavaSuperMarioBros/src/res/map/world_1-2.map</file>
    </open-files>
    <open-files xmlns="http://www.netbeans.org/ns/projectui-open-files/2">
        <group>
            <file>file:/media/leo/Novo%20volume/Leo/apps/java/1985_super_mario_bros/JavaSuperMarioBros/src/br/ol/smb/entity/item/Item.java</file>
            <file>file:/media/leo/Novo%20volume/Leo/apps/java/1985_super_mario_bros/JavaSuperMarioBros/src/br/ol/smb/infra/Display.java</file>
            <file>file:/media/leo/Novo%20volume/Leo/apps/java/1985_super_mario_bros/JavaSuperMarioBros/src/br/ol/smb/infra/Game.java</file>
            <file>file:/media/leo/Novo%20volume/Leo/apps/java/1985_super_mario_bros/JavaSuperMarioBros/src/br/ol/smb/infra/Entity.java</file>
            <file>file:/media/leo/Novo%20volume/Leo/apps/java/1985_super_mario_bros/JavaSuperMarioBros/src/br/ol/smb/infra/Sound.java</file>
            <file>file:/media/leo/Novo%20volume/Leo/apps/java/1985_super_mario_bros/JavaSuperMarioBros/src/br/ol/smb/infra/Music.java</file>
            <file>file:/media/leo/Novo%20volume/Leo/apps/java/1985_super_mario_bros/JavaSuperMarioBros/src/br/ol/smb/entity/Mario.java</file>
            <file>file:/media/leo/Novo%20volume/Leo/apps/java/1985_super_mario_bros/JavaSuperMarioBros/src/br/ol/smb/entity/enemy/Enemy.java</file>
            <file>file:/media/leo/Novo%20volume/Leo/apps/java/1985_super_mario_bros/JavaSuperMarioBros/src/res/world_1-2.map</file>
            <file>file:/media/leo/Novo%20volume/Leo/apps/java/1985_super_mario_bros/JavaSuperMarioBros/src/br/ol/smb/infra/Time.java</file>
            <file>file:/media/leo/Novo%20volume/Leo/apps/java/1985_super_mario_bros/JavaSuperMarioBros/src/br/ol/smb/entity/enemy/Koopas.java</file>
            <file>file:/media/leo/Novo%20volume/Leo/apps/java/1985_super_mario_bros/JavaSuperMarioBros/src/br/ol/smb/entity/item/Coin.java</file>
            <file>file:/media/leo/Novo%20volume/Leo/apps/java/1985_super_mario_bros/JavaSuperMarioBros/src/br/ol/smb/infra/Camera.java</file>
            <file>file:/media/leo/Novo%20volume/Leo/apps/java/1985_super_mario_bros/JavaSuperMarioBros/src/br/ol/smb/entity/Actor.java</file>
            <file>file:/media/leo/Novo%20volume/Leo/apps/java/1985_super_mario_bros/JavaSuperMarioBros/src/br/ol/smb/entity/enemy/Goombas.java</file>
            <file>file:/media/leo/Novo%20volume/Leo/apps/java/1985_super_mario_bros/JavaSuperMarioBros/src/br/ol/smb/entity/item/Flower.java</file>
            <file>file:/media/leo/Novo%20volume/Leo/apps/java/1985_super_mario_bros/JavaSuperMarioBros/src/br/ol/smb/infra/SpriteSheet.java</file>
            <file>file:/media/leo/Novo%20volume/Leo/apps/java/1985_super_mario_bros/JavaSuperMarioBros/src/res/sprite_sheet.png</file>
            <file>file:/media/leo/Novo%20volume/Leo/apps/java/1985_super_mario_bros/JavaSuperMarioBros/src/br/ol/smb/infra/BitmapFont.java</file>
            <file>file:/media/leo/Novo%20volume/Leo/apps/java/1985_super_mario_bros/JavaSuperMarioBros/src/br/ol/smb/entity/Score.java</file>
            <file>file:/media/leo/Novo%20volume/Leo/apps/java/1985_super_mario_bros/JavaSuperMarioBros/src/br/ol/smb/infra/Input.java</file>
            <file>file:/media/leo/Novo%20volume/Leo/apps/java/1985_super_mario_bros/JavaSuperMarioBros/src/br/ol/smb/infra/Map.java</file>
            <file>file:/media/leo/Novo%20volume/Leo/apps/java/1985_super_mario_bros/JavaSuperMarioBros/src/br/ol/smb/entity/item/Mushroom.java</file>
            <file>file:/media/leo/Novo%20volume/Leo/apps/java/1985_super_mario_bros/JavaSuperMarioBros/src/br/ol/smb/infra/Tile.java</file>
            <file>file:/media/leo/Novo%20volume/Leo/apps/java/1985_super_mario_bros/JavaSuperMarioBros/src/res/todo</file>
            <file>file:/media/leo/Novo%20volume/Leo/apps/java/1985_super_mario_bros/JavaSuperMarioBros/src/br/ol/smb/entity/Point.java</file>
            <file>file:/media/leo/Novo%20volume/Leo/apps/java/1985_super_mario_bros/JavaSuperMarioBros/src/br/ol/smb/entity/item/Star.java</file>
            <file>file:/media/leo/Novo%20volume/Leo/apps/java/1985_super_mario_bros/JavaSuperMarioBros/src/br/ol/smb/entity/Tilemap.java</file>
        </group>
    </open-files>
</project-private>
